Workbook

Sheet ii-exsh-diff-pro
A1: エクセルシートの比較・差分結果報告書
J2: check1 | K2: check2 | L2: review
B3: 以下のエクセルファイルのシートを比較・確認したので、差分結果について報告します
C5: ファイル名(L) C:\sample.xlsx
C6: ファイル名(R) C:\sample.xlsx
B8: 報告の要約を以下に列挙します
C10: 本書の活用手順
C11: 1. 差分を確認する：詳細シートで、Ｆ列に "x" のある行の ＤＥＧ列 に必要事項を記入する
C12: 2. 差分を確認する：本シート（下表）で ＪＫ列 が OK になることを確認する （NG の場合、↑ の対応漏れです）
C13: 3. 報告をまとめる：「何と何（前提：ファイルの素性）」 を 「なんのため（目的）」 に比較したのか 「ゴールの状態は何か（目標）」 を、この手順を記載した領域に記載する
C14: 4. 報告をまとめる：詳細シートを確認した結果の要約やポイント、報告すべきことを、この手順を記載した領域に列挙する
B19: 比較結果、および その結果の目視確認結果を下表に記します
C21: シート名 | D21: L | E21: R | F21: 比較方法 | G21: 差分 | H21: 差分行数 | I21: 備考 | J21: check1 | K21: check2
C22: sh00 | D22: Sheet1 | E22: Sheet2 | F22: 1.00 / | G22: =IF(H22 <> 0, "あり", "なし") -> あり | H22: =COUNTIF(sh00!F:F, "x") -> 6 | J22: =IF(SUMPRODUCT((sh00!F:F="x")*(sh00!D:D<>""))=G22, "OK", "NG") -> NG | K22: =IF(SUMPRODUCT((sh00!F:F="x")*(sh00!E:E<>""))=G22, "OK", "NG") -> NG
C23: sh01 | D23: Sheet1 | E23: Sheet2 | F23: 1.00 / A:B | G23: =IF(H23 <> 0, "あり", "なし") -> あり | H23: =COUNTIF('sh01'!F:F, "x") -> 6 | J23: =IF(SUMPRODUCT(('sh01'!F:F="x")*('sh01'!D:D<>""))=G23, "OK", "NG") -> NG | K23: =IF(SUMPRODUCT(('sh01'!F:F="x")*('sh01'!E:E<>""))=G23, "OK", "NG") -> NG
C24: sh02 | D24: Sheet1 | E24: Sheet2 | F24: 0.70 / | G24: =IF(H24 <> 0, "あり", "なし") -> あり | H24: =COUNTIF('sh02'!F:F, "x") -> 5 | J24: =IF(SUMPRODUCT(('sh02'!F:F="x")*('sh02'!D:D<>""))=G24, "OK", "NG") -> NG | K24: =IF(SUMPRODUCT(('sh02'!F:F="x")*('sh02'!E:E<>""))=G24, "OK", "NG") -> NG
B26: 詳細は各シートを参照ください
B28: ＜補足・注意事項＞
B29: ・本シート（上表）の Ｈ列 で示す数値は、詳細シート（sh**）の Ｆ列 が "x" の行数を入れています
B30: ・本シート（上表）の ＪＫ列 で示す値 (OK/NG) は、詳細シートの差分のあるすべての行の ＤＥ列 に値が入っていたら OK を入れ、
B31: そうでなければ NG を入れています
B32: ・詳細シートの Ｎ列 以降に、３つの領域に分けて、左からファイル（L）のシートの内容、ファイル（R）のシートの内容、
B33: ファイル（L）/（R）の差分を１つにまとめたシートの内容を入れています
B34: ・詳細シートで差分のある行は、Ｆ列 に "x" を入れ、該当する差分のあるセルは薄紫塗にしています
B35: ・計算式の入ったセルは、セルの値をコピー・比較します
B36: ・オブジェクト、メモ、コメント、セル結合、行・列の幅などは非対応です
B38: Created by ii-exsh-diff-pro v.1.00 on 2026/02/08 10:01:47. It took 0:00:0.19 second.

Sheet sh00
A1: ii-exsh-diff-pro 比較・差分結果 詳細シート | R1: ファイル名(L): C:\sample.xlsx / ファイル名(R): C:\sample.xlsx @ Created by ii-exsh-diff-pro v.1.00. threshold=1.0. target_columns="".
A3: # | B3: 結合文字(L) | C3: 結合文字(R) | D3: check1 | E3: check2 | F3: 差分有無 | G3: 差分理由 | O3: Sheet1 | AE3: Sheet2 | AU3: Sheet1 ⇒ Sheet2
A4: label1 | B4: label2 | C4: label3 | D4: label4 | E4: label5 | F4: label6 | G4: label7 | H4: label8 | I4: label9 | J4: label10 | K4: label11 | L4: label12 | M4: label13 | N4: label14 | O4: label15 | P4: label16 | Q4: label17 | R4: label18 | S4: label19 | T4: label20 | U4: label21 | V4: label22 | W4: label23 | X4: label24 | Y4: label25 | Z4: label26 | AA4: label27 | AB4: label28 | AC4: label29 | AD4: label30 | AE4: label31 | AF4: label32 | AG4: label33 | AH4: label34 | AI4: label35 | AJ4: label36 | AK4: label37 | AL4: label38 | AM4: label39 | AN4: label40 | AO4: label41 | AP4: label42 | AQ4: label43 | AR4: label44 | AS4: label45 | AT4: label46 | AU4: label47 | AV4: label48 | AW4: label49 | AX4: label50 | AY4: label51 | AZ4: label52 | BA4: label53 | BB4: label54 | BC4: label55 | BD4: label56 | BE4: label57 | BF4: label58 | BG4: label59 | BH4: label60 | BI4: label61
A5: =ROW() - 4 -> 1 | B5: LABEL1LABEL2LABEL3LABEL4LABEL5LABEL6LABEL7LABEL8LABEL9LABEL10LABEL11LABEL12LABEL13LABEL14LABEL15 | C5: LABEL1LABEL2LABEL3LABEL4LABEL5LABEL6LABEL7LABEL8LABEL9LABEL10LABEL11LABEL12LABEL13LABEL14LABEL15 | H5: 1.00 | N5: 1 | O5: LABEL1 | P5: LABEL2 | Q5: LABEL3 | R5: LABEL4 | S5: LABEL5 | T5: LABEL6 | U5: LABEL7 | V5: LABEL8 | W5: LABEL9 | X5: LABEL10 | Y5: LABEL11 | Z5: LABEL12 | AA5: LABEL13 | AB5: LABEL14 | AC5: LABEL15 | AD5: 1 | AE5: LABEL1 | AF5: LABEL2 | AG5: LABEL3 | AH5: LABEL4 | AI5: LABEL5 | AJ5: LABEL6 | AK5: LABEL7 | AL5: LABEL8 | AM5: LABEL9 | AN5: LABEL10 | AO5: LABEL11 | AP5: LABEL12 | AQ5: LABEL13 | AR5: LABEL14 | AS5: LABEL15 | AT5: 1 | AU5: LABEL1 | AV5: LABEL2 | AW5: LABEL3 | AX5: LABEL4 | AY5: LABEL5 | AZ5: LABEL6 | BA5: LABEL7 | BB5: LABEL8 | BC5: LABEL9 | BD5: LABEL10 | BE5: LABEL11 | BF5: LABEL12 | BG5: LABEL13 | BH5: LABEL14 | BI5: LABEL15 | BJ5: 1
A6: =ROW() - 4 -> 2 | B6: AA11EE | C6: AA11EE | H6: 1.00 | N6: 2 | O6: AA11EE | AD6: 2 | AE6: AA11EE | AT6: 2 | AU6: AA11EE | BJ6: 2
A7: =ROW() - 4 -> 3 | B7: ADF ghdfsh erear aas aa | C7: ADF ghdfsh erear aas aa | H7: 1.00 | N7: 3 | P7: ADF | R7: ghdfsh | T7: erear | Y7: aas | AA7: aa | AD7: 3 | AF7: ADF | AH7: ghdfsh | AJ7: erear | AO7: aas | AQ7: aa | AT7: 3 | AV7: ADF | AX7: ghdfsh | AZ7: erear | BE7: aas | BG7: aa | BJ7: 3
A8: =ROW() - 4 -> 4 | B8: LGFD d upadsag b | C8: LGFD d upadsag b | H8: 1.00 | N8: 4 | P8: LGFD | R8: d | U8: up | V8: ads | W8: a | X8: g | Z8: b | AD8: 4 | AF8: LGFD | AH8: d | AK8: up | AL8: ads | AM8: a | AN8: g | AP8: b | AT8: 4 | AV8: LGFD | AX8: d | BA8: up | BB8: ads | BC8: a | BD8: g | BF8: b | BJ8: 4
A9: =ROW() - 4 -> 5 | C9: ADBX fg dagd :/uo/ | F9: x | AD9: 5 | AF9: ADBX | AK9: fg | AM9: dagd | AQ9: :/uo/ | AV9: ⇒ ADBX | BA9: ⇒ fg | BC9: ⇒ dagd | BG9: ⇒ :/uo/ | BJ9: 5
A10: =ROW() - 4 -> 6 | B10: RGSAD agdfa af agd ba dsa | C10: RGSAD agdfa af agd ba dsa | H10: 1.00 | N10: 5 | P10: RGSAD | R10: agdfa | T10: af | V10: agd | AA10: ba | AC10: dsa | AD10: 6 | AF10: RGSAD | AH10: agdfa | AJ10: af | AL10: agd | AQ10: ba | AS10: dsa | AT10: 5 | AV10: RGSAD | AX10: agdfa | AZ10: af | BB10: agd | BG10: ba | BI10: dsa | BJ10: 6
A11: =ROW() - 4 -> 7 | B11: FDERA ertl grea as | C11: FDERA ertl grea as | H11: 1.00 | N11: 6 | P11: FDERA | U11: ertl | Y11: grea | AA11: as | AD11: 7 | AF11: FDERA | AK11: ertl | AO11: grea | AQ11: as | AT11: 6 | AV11: FDERA | BA11: ertl | BE11: grea | BG11: as | BJ11: 7
A12: =ROW() - 4 -> 8 | B12: AA22EE io;hs gra agfda | C12: AA22EE io;hs gra agfda | H12: 1.00 | N12: 7 | O12: AA22EE | S12: io;hs | W12: gra | AB12: agfd | AC12: a | AD12: 8 | AE12: AA22EE | AI12: io;hs | AM12: gra | AR12: agfd | AS12: a | AT12: 7 | AU12: AA22EE | AY12: io;hs | BC12: gra | BH12: agfd | BI12: a | BJ12: 8
A13: =ROW() - 4 -> 9 | B13: DASCB arga gaf ag da ae | C13: DASCB arga gaf ag da ae | H13: 1.00 | N13: 8 | P13: DASCB | R13: arga | T13: gaf | V13: ag | X13: da | AA13: ae | AD13: 9 | AF13: DASCB | AH13: arga | AJ13: gaf | AL13: ag | AN13: da | AQ13: ae | AT13: 8 | AV13: DASCB | AX13: arga | AZ13: gaf | BB13: ag | BD13: da | BG13: ae | BJ13: 9
A14: =ROW() - 4 -> 10 | C14: PGADHER asdgfad dsf da | F14: x | AD14: 10 | AF14: PGADHER | AH14: asd | AI14: gfad | AM14: dsf | AO14: da | AV14: ⇒ PGADHER | AX14: ⇒ asd | AY14: ⇒ gfad | BC14: ⇒ dsf | BE14: ⇒ da | BJ14: 10
A15: =ROW() - 4 -> 11 | B15: ADBX fg dagd :/uo/ | F15: x | N15: 9 | P15: ADBX | U15: fg | W15: dagd | AA15: :/uo/ | AT15: 9 | AV15: ADBX ⇒ | BA15: fg ⇒ | BC15: dagd ⇒ | BG15: :/uo/ ⇒
A16: =ROW() - 4 -> 12 | B16: ARGYKJ asdgfad dsf da | F16: x | N16: 10 | P16: ARGYKJ | R16: asd | S16: gfad | W16: dsf | Y16: da | AT16: 10 | AV16: ARGYKJ ⇒ | AX16: asd ⇒ | AY16: gfad ⇒ | BC16: dsf ⇒ | BE16: da ⇒
A17: =ROW() - 4 -> 13 | B17: JUMDS a ga | C17: JUMDS a ga | H17: 1.00 | N17: 11 | P17: JUMDS | S17: a | U17: ga | AD17: 11 | AF17: JUMDS | AI17: a | AK17: ga | AT17: 11 | AV17: JUMDS | AY17: a | BA17: ga | BJ17: 11
A18: =ROW() - 4 -> 14 | B18: AA33EE fgaljh a adffbgfdjab | C18: AA33EE fgaljh a adffbgfdjab | H18: 1.00 | N18: 12 | O18: AA33EE | T18: fgaljh | W18: a | Y18: adf | Z18: fbgf | AA18: dj | AB18: ab | AD18: 12 | AE18: AA33EE | AJ18: fgaljh | AM18: a | AO18: adf | AP18: fbgf | AQ18: dj | AR18: ab | AT18: 12 | AU18: AA33EE | AZ18: fgaljh | BC18: a | BE18: adf | BF18: fbgf | BG18: dj | BH18: ab | BJ18: 12
A19: =ROW() - 4 -> 15 | B19: DARHN ulkf a dfas | C19: DARHN ulkf a dfas | H19: 1.00 | N19: 13 | P19: DARHN | T19: ulkf | V19: a | X19: dfas | AD19: 13 | AF19: DARHN | AJ19: ulkf | AL19: a | AN19: dfas | AT19: 13 | AV19: DARHN | AZ19: ulkf | BB19: a | BD19: dfas | BJ19: 13
A20: =ROW() - 4 -> 16 | B20: ADRHE gdfa fdafd | C20: ADRHE gdfa fdafd | H20: 1.00 | N20: 14 | P20: ADRHE | S20: gdfa | U20: fd | V20: afd | AD20: 14 | AF20: ADRHE | AI20: gdfa | AK20: fd | AL20: afd | AT20: 14 | AV20: ADRHE | AY20: gdfa | BA20: fd | BB20: afd | BJ20: 14
A21: =ROW() - 4 -> 17 | C21: PTRAHA ujtrdagdf afsd hdhfo;h | F21: x | AD21: 15 | AF21: PTRAHA | AI21: ujtrd | AJ21: agdf | AL21: afsd | AP21: h | AQ21: dhf | AR21: o;h | AV21: ⇒ PTRAHA | AY21: ⇒ ujtrd | AZ21: ⇒ agdf | BB21: ⇒ afsd | BF21: ⇒ h | BG21: ⇒ dhf | BH21: ⇒ o;h | BJ21: 15
A22: =ROW() - 4 -> 18 | B22: NVWT hgfga ar ads | C22: NVWT hgfga ar ads | H22: 1.00 | N22: 15 | P22: NVWT | T22: hgf | U22: ga | Y22: ar | AC22: ads | AD22: 16 | AF22: NVWT | AJ22: hgf | AK22: ga | AO22: ar | AS22: ads | AT22: 15 | AV22: NVWT | AZ22: hgf | BA22: ga | BE22: ar | BI22: ads | BJ22: 16
A23: =ROW() - 4 -> 19 | B23: CRYYXA jkuy fssd zagdf | C23: CRYYXA jkuy fssd zagdf | H23: 1.00 | N23: 16 | P23: CRYYXA | S23: jkuy | U23: fs | V23: sd | AB23: zagdf | AD23: 17 | AF23: CRYYXA | AI23: jkuy | AK23: fs | AL23: sd | AR23: zagdf | AT23: 16 | AV23: CRYYXA | AY23: jkuy | BA23: fs | BB23: sd | BH23: zagdf | BJ23: 17
A24: =ROW() - 4 -> 20 | B24: BB44AF | C24: BB44AF | H24: 1.00 | N24: 17 | O24: BB44AF | AD24: 18 | AE24: BB44AF | AT24: 17 | AU24: BB44AF | BJ24: 18
A25: =ROW() - 4 -> 21 | B25: PJNAERF ulkf a dfas asdfhfadga eraadgfa | C25: PJNAERF ulkf a dfas asdfhfadga eraadgfa | H25: 1.00 | N25: 18 | P25: PJNAERF | S25: ulkf | U25: a | W25: dfas | Y25: asdfhfad | Z25: ga | AB25: era | AC25: adgfa | AD25: 19 | AF25: PJNAERF | AI25: ulkf | AK25: a | AM25: dfas | AO25: asdfhfad | AP25: ga | AR25: era | AS25: adgfa | AT25: 18 | AV25: PJNAERF | AY25: ulkf | BA25: a | BC25: dfas | BE25: asdfhfad | BF25: ga | BH25: era | BI25: adgfa | BJ25: 19
A26: =ROW() - 4 -> 22 | B26: LBAFDHI gdfa fdafd q ewafahtra | C26: LBAFDHI gdfa fdafd q ewafahtra | H26: 1.00 | N26: 19 | P26: LBAFDHI | R26: gdfa | T26: fd | U26: afd | Y26: q | AA26: ewaf | AB26: ahtra | AD26: 20 | AF26: LBAFDHI | AH26: gdfa | AJ26: fd | AK26: afd | AO26: q | AQ26: ewaf | AR26: ahtra | AT26: 19 | AV26: LBAFDHI | AX26: gdfa | AZ26: fd | BA26: afd | BE26: q | BG26: ewaf | BH26: ahtra | BJ26: 20
A27: =ROW() - 4 -> 23 | B27: GFKSEWA upadsag b ws | F27: x | N27: 20 | P27: GFKSEWA | T27: up | U27: ads | V27: a | W27: g | Y27: b | AA27: ws | AT27: 20 | AV27: GFKSEWA ⇒ | AZ27: up ⇒ | BA27: ads ⇒ | BB27: a ⇒ | BC27: g ⇒ | BE27: b ⇒ | BG27: ws ⇒
A28: =ROW() - 4 -> 24 | B28: ASDFAIGHS a adffbgfdjabagdfa | C28: ASDFAIGHS a adffbgfdjabagdfa | H28: 1.00 | N28: 21 | P28: ASDFAIGHS | U28: a | W28: adf | X28: fbgf | Y28: dj | Z28: ab | AA28: agdfa | AD28: 21 | AF28: ASDFAIGHS | AK28: a | AM28: adf | AN28: fbgf | AO28: dj | AP28: ab | AQ28: agdfa | AT28: 21 | AV28: ASDFAIGHS | BA28: a | BC28: adf | BD28: fbgf | BE28: dj | BF28: ab | BG28: agdfa | BJ28: 21
A29: =ROW() - 4 -> 25 | B29: MNRAJERE a dfas hgfasfd | C29: MNRAJERE a dfas hgfasfd | H29: 1.00 | N29: 22 | P29: MNRAJERE | T29: a | V29: dfas | AB29: hgf | AC29: asfd | AD29: 22 | AF29: MNRAJERE | AJ29: a | AL29: dfas | AR29: hgf | AS29: asfd | AT29: 22 | AV29: MNRAJERE | AZ29: a | BB29: dfas | BH29: hgf | BI29: asfd | BJ29: 22
A30: =ROW() - 4 -> 26 | B30: KGFSUBS ghdfsh erear sdfaad rth | C30: KGFSUBS ghdfsh erear sdfaad rth | H30: 1.00 | N30: 23 | P30: KGFSUBS | R30: ghdfsh | T30: erear | Y30: sdfaad | AA30: rth | AD30: 23 | AF30: KGFSUBS | AH30: ghdfsh | AJ30: erear | AO30: sdfaad | AQ30: rth | AT30: 23 | AV30: KGFSUBS | AX30: ghdfsh | AZ30: erear | BE30: sdfaad | BG30: rth | BJ30: 23

Sheet sh01
A1: ii-exsh-diff-pro 比較・差分結果 詳細シート | R1: ファイル名(L): C:\sample.xlsx / ファイル名(R): C:\sample.xlsx @ Created by ii-exsh-diff-pro v.1.00. threshold=1.0. target_columns="A:B".
A3: # | B3: 結合文字(L) | C3: 結合文字(R) | D3: check1 | E3: check2 | F3: 差分有無 | G3: 差分理由 | O3: Sheet1 | AE3: Sheet2 | AU3: Sheet1 ⇒ Sheet2
A4: label1 | B4: label2 | C4: label3 | D4: label4 | E4: label5 | F4: label6 | G4: label7 | H4: label8 | I4: label9 | J4: label10 | K4: label11 | L4: label12 | M4: label13 | N4: label14 | O4: label15 | P4: label16 | Q4: label17 | R4: label18 | S4: label19 | T4: label20 | U4: label21 | V4: label22 | W4: label23 | X4: label24 | Y4: label25 | Z4: label26 | AA4: label27 | AB4: label28 | AC4: label29 | AD4: label30 | AE4: label31 | AF4: label32 | AG4: label33 | AH4: label34 | AI4: label35 | AJ4: label36 | AK4: label37 | AL4: label38 | AM4: label39 | AN4: label40 | AO4: label41 | AP4: label42 | AQ4: label43 | AR4: label44 | AS4: label45 | AT4: label46 | AU4: label47 | AV4: label48 | AW4: label49 | AX4: label50 | AY4: label51 | AZ4: label52 | BA4: label53 | BB4: label54 | BC4: label55 | BD4: label56 | BE4: label57 | BF4: label58 | BG4: label59 | BH4: label60 | BI4: label61
A5: =ROW() - 4 -> 1 | B5: LABEL1LABEL2LABEL3LABEL4LABEL5LABEL6LABEL7LABEL8LABEL9LABEL10LABEL11LABEL12LABEL13LABEL14LABEL15 | C5: LABEL1LABEL2LABEL3LABEL4LABEL5LABEL6LABEL7LABEL8LABEL9LABEL10LABEL11LABEL12LABEL13LABEL14LABEL15 | H5: 1.00 | N5: 1 | O5: LABEL1 | P5: LABEL2 | Q5: LABEL3 | R5: LABEL4 | S5: LABEL5 | T5: LABEL6 | U5: LABEL7 | V5: LABEL8 | W5: LABEL9 | X5: LABEL10 | Y5: LABEL11 | Z5: LABEL12 | AA5: LABEL13 | AB5: LABEL14 | AC5: LABEL15 | AD5: 1 | AE5: LABEL1 | AF5: LABEL2 | AG5: LABEL3 | AH5: LABEL4 | AI5: LABEL5 | AJ5: LABEL6 | AK5: LABEL7 | AL5: LABEL8 | AM5: LABEL9 | AN5: LABEL10 | AO5: LABEL11 | AP5: LABEL12 | AQ5: LABEL13 | AR5: LABEL14 | AS5: LABEL15 | AT5: 1 | AU5: LABEL1 | AV5: LABEL2 | AW5: LABEL3 | AX5: LABEL4 | AY5: LABEL5 | AZ5: LABEL6 | BA5: LABEL7 | BB5: LABEL8 | BC5: LABEL9 | BD5: LABEL10 | BE5: LABEL11 | BF5: LABEL12 | BG5: LABEL13 | BH5: LABEL14 | BI5: LABEL15 | BJ5: 1
A6: =ROW() - 4 -> 2 | B6: AA11EE | C6: AA11EE | H6: 1.00 | N6: 2 | O6: AA11EE | AD6: 2 | AE6: AA11EE | AT6: 2 | AU6: AA11EE | BJ6: 2
A7: =ROW() - 4 -> 3 | B7: ADF ghdfsh erear aas aa | C7: ADF ghdfsh erear aas aa | H7: 1.00 | N7: 3 | P7: ADF | R7: ghdfsh | T7: erear | Y7: aas | AA7: aa | AD7: 3 | AF7: ADF | AH7: ghdfsh | AJ7: erear | AO7: aas | AQ7: aa | AT7: 3 | AV7: ADF | AX7: ghdfsh | AZ7: erear | BE7: aas | BG7: aa | BJ7: 3
A8: =ROW() - 4 -> 4 | B8: LGFD d upadsag b | C8: LGFD d upadsag b | H8: 1.00 | N8: 4 | P8: LGFD | R8: d | U8: up | V8: ads | W8: a | X8: g | Z8: b | AD8: 4 | AF8: LGFD | AH8: d | AK8: up | AL8: ads | AM8: a | AN8: g | AP8: b | AT8: 4 | AV8: LGFD | AX8: d | BA8: up | BB8: ads | BC8: a | BD8: g | BF8: b | BJ8: 4
A9: =ROW() - 4 -> 5 | C9: ADBX fg dagd :/uo/ | F9: x | AD9: 5 | AF9: ADBX | AK9: fg | AM9: dagd | AQ9: :/uo/ | AV9: ⇒ ADBX | BA9: ⇒ fg | BC9: ⇒ dagd | BG9: ⇒ :/uo/ | BJ9: 5
A10: =ROW() - 4 -> 6 | B10: RGSAD agdfa af agd ba dsa | C10: RGSAD agdfa af agd ba dsa | H10: 1.00 | N10: 5 | P10: RGSAD | R10: agdfa | T10: af | V10: agd | AA10: ba | AC10: dsa | AD10: 6 | AF10: RGSAD | AH10: agdfa | AJ10: af | AL10: agd | AQ10: ba | AS10: dsa | AT10: 5 | AV10: RGSAD | AX10: agdfa | AZ10: af | BB10: agd | BG10: ba | BI10: dsa | BJ10: 6
A11: =ROW() - 4 -> 7 | B11: FDERA ertl grea as | C11: FDERA ertl grea as | H11: 1.00 | N11: 6 | P11: FDERA | U11: ertl | Y11: grea | AA11: as | AD11: 7 | AF11: FDERA | AK11: ertl | AO11: grea | AQ11: as | AT11: 6 | AV11: FDERA | BA11: ertl | BE11: grea | BG11: as | BJ11: 7
A12: =ROW() - 4 -> 8 | B12: AA22EE io;hs gra agfda | C12: AA22EE io;hs gra agfda | H12: 1.00 | N12: 7 | O12: AA22EE | S12: io;hs | W12: gra | AB12: agfd | AC12: a | AD12: 8 | AE12: AA22EE | AI12: io;hs | AM12: gra | AR12: agfd | AS12: a | AT12: 7 | AU12: AA22EE | AY12: io;hs | BC12: gra | BH12: agfd | BI12: a | BJ12: 8
A13: =ROW() - 4 -> 9 | B13: DASCB arga gaf ag da ae | C13: DASCB arga gaf ag da ae | H13: 1.00 | N13: 8 | P13: DASCB | R13: arga | T13: gaf | V13: ag | X13: da | AA13: ae | AD13: 9 | AF13: DASCB | AH13: arga | AJ13: gaf | AL13: ag | AN13: da | AQ13: ae | AT13: 8 | AV13: DASCB | AX13: arga | AZ13: gaf | BB13: ag | BD13: da | BG13: ae | BJ13: 9
A14: =ROW() - 4 -> 10 | C14: PGADHER asdgfad dsf da | F14: x | AD14: 10 | AF14: PGADHER | AH14: asd | AI14: gfad | AM14: dsf | AO14: da | AV14: ⇒ PGADHER | AX14: ⇒ asd | AY14: ⇒ gfad | BC14: ⇒ dsf | BE14: ⇒ da | BJ14: 10
A15: =ROW() - 4 -> 11 | B15: ADBX fg dagd :/uo/ | F15: x | N15: 9 | P15: ADBX | U15: fg | W15: dagd | AA15: :/uo/ | AT15: 9 | AV15: ADBX ⇒ | BA15: fg ⇒ | BC15: dagd ⇒ | BG15: :/uo/ ⇒
A16: =ROW() - 4 -> 12 | B16: ARGYKJ asdgfad dsf da | F16: x | N16: 10 | P16: ARGYKJ | R16: asd | S16: gfad | W16: dsf | Y16: da | AT16: 10 | AV16: ARGYKJ ⇒ | AX16: asd ⇒ | AY16: gfad ⇒ | BC16: dsf ⇒ | BE16: da ⇒
A17: =ROW() - 4 -> 13 | B17: JUMDS a ga | C17: JUMDS a ga | H17: 1.00 | N17: 11 | P17: JUMDS | S17: a | U17: ga | AD17: 11 | AF17: JUMDS | AI17: a | AK17: ga | AT17: 11 | AV17: JUMDS | AY17: a | BA17: ga | BJ17: 11
A18: =ROW() - 4 -> 14 | B18: AA33EE fgaljh a adffbgfdjab | C18: AA33EE fgaljh a adffbgfdjab | H18: 1.00 | N18: 12 | O18: AA33EE | T18: fgaljh | W18: a | Y18: adf | Z18: fbgf | AA18: dj | AB18: ab | AD18: 12 | AE18: AA33EE | AJ18: fgaljh | AM18: a | AO18: adf | AP18: fbgf | AQ18: dj | AR18: ab | AT18: 12 | AU18: AA33EE | AZ18: fgaljh | BC18: a | BE18: adf | BF18: fbgf | BG18: dj | BH18: ab | BJ18: 12
A19: =ROW() - 4 -> 15 | B19: DARHN ulkf a dfas | C19: DARHN ulkf a dfas | H19: 1.00 | N19: 13 | P19: DARHN | T19: ulkf | V19: a | X19: dfas | AD19: 13 | AF19: DARHN | AJ19: ulkf | AL19: a | AN19: dfas | AT19: 13 | AV19: DARHN | AZ19: ulkf | BB19: a | BD19: dfas | BJ19: 13
A20: =ROW() - 4 -> 16 | B20: ADRHE gdfa fdafd | C20: ADRHE gdfa fdafd | H20: 1.00 | N20: 14 | P20: ADRHE | S20: gdfa | U20: fd | V20: afd | AD20: 14 | AF20: ADRHE | AI20: gdfa | AK20: fd | AL20: afd | AT20: 14 | AV20: ADRHE | AY20: gdfa | BA20: fd | BB20: afd | BJ20: 14
A21: =ROW() - 4 -> 17 | C21: PTRAHA ujtrdagdf afsd hdhfo;h | F21: x | AD21: 15 | AF21: PTRAHA | AI21: ujtrd | AJ21: agdf | AL21: afsd | AP21: h | AQ21: dhf | AR21: o;h | AV21: ⇒ PTRAHA | AY21: ⇒ ujtrd | AZ21: ⇒ agdf | BB21: ⇒ afsd | BF21: ⇒ h | BG21: ⇒ dhf | BH21: ⇒ o;h | BJ21: 15
A22: =ROW() - 4 -> 18 | B22: NVWT hgfga ar ads | C22: NVWT hgfga ar ads | H22: 1.00 | N22: 15 | P22: NVWT | T22: hgf | U22: ga | Y22: ar | AC22: ads | AD22: 16 | AF22: NVWT | AJ22: hgf | AK22: ga | AO22: ar | AS22: ads | AT22: 15 | AV22: NVWT | AZ22: hgf | BA22: ga | BE22: ar | BI22: ads | BJ22: 16
A23: =ROW() - 4 -> 19 | B23: CRYYXA jkuy fssd zagdf | C23: CRYYXA jkuy fssd zagdf | H23: 1.00 | N23: 16 | P23: CRYYXA | S23: jkuy | U23: fs | V23: sd | AB23: zagdf | AD23: 17 | AF23: CRYYXA | AI23: jkuy | AK23: fs | AL23: sd | AR23: zagdf | AT23: 16 | AV23: CRYYXA | AY23: jkuy | BA23: fs | BB23: sd | BH23: zagdf | BJ23: 17
A24: =ROW() - 4 -> 20 | B24: BB44AF | C24: BB44AF | H24: 1.00 | N24: 17 | O24: BB44AF | AD24: 18 | AE24: BB44AF | AT24: 17 | AU24: BB44AF | BJ24: 18
A25: =ROW() - 4 -> 21 | B25: PJNAERF ulkf a dfas asdfhfadga eraadgfa | C25: PJNAERF ulkf a dfas asdfhfadga eraadgfa | H25: 1.00 | N25: 18 | P25: PJNAERF | S25: ulkf | U25: a | W25: dfas | Y25: asdfhfad | Z25: ga | AB25: era | AC25: adgfa | AD25: 19 | AF25: PJNAERF | AI25: ulkf | AK25: a | AM25: dfas | AO25: asdfhfad | AP25: ga | AR25: era | AS25: adgfa | AT25: 18 | AV25: PJNAERF | AY25: ulkf | BA25: a | BC25: dfas | BE25: asdfhfad | BF25: ga | BH25: era | BI25: adgfa | BJ25: 19
A26: =ROW() - 4 -> 22 | B26: LBAFDHI gdfa fdafd q ewafahtra | C26: LBAFDHI gdfa fdafd q ewafahtra | H26: 1.00 | N26: 19 | P26: LBAFDHI | R26: gdfa | T26: fd | U26: afd | Y26: q | AA26: ewaf | AB26: ahtra | AD26: 20 | AF26: LBAFDHI | AH26: gdfa | AJ26: fd | AK26: afd | AO26: q | AQ26: ewaf | AR26: ahtra | AT26: 19 | AV26: LBAFDHI | AX26: gdfa | AZ26: fd | BA26: afd | BE26: q | BG26: ewaf | BH26: ahtra | BJ26: 20
A27: =ROW() - 4 -> 23 | B27: GFKSEWA upadsag b ws | F27: x | N27: 20 | P27: GFKSEWA | T27: up | U27: ads | V27: a | W27: g | Y27: b | AA27: ws | AT27: 20 | AV27: GFKSEWA ⇒ | AZ27: up ⇒ | BA27: ads ⇒ | BB27: a ⇒ | BC27: g ⇒ | BE27: b ⇒ | BG27: ws ⇒
A28: =ROW() - 4 -> 24 | B28: ASDFAIGHS a adffbgfdjabagdfa | C28: ASDFAIGHS a adffbgfdjabagdfa | H28: 1.00 | N28: 21 | P28: ASDFAIGHS | U28: a | W28: adf | X28: fbgf | Y28: dj | Z28: ab | AA28: agdfa | AD28: 21 | AF28: ASDFAIGHS | AK28: a | AM28: adf | AN28: fbgf | AO28: dj | AP28: ab | AQ28: agdfa | AT28: 21 | AV28: ASDFAIGHS | BA28: a | BC28: adf | BD28: fbgf | BE28: dj | BF28: ab | BG28: agdfa | BJ28: 21
A29: =ROW() - 4 -> 25 | B29: MNRAJERE a dfas hgfasfd | C29: MNRAJERE a dfas hgfasfd | H29: 1.00 | N29: 22 | P29: MNRAJERE | T29: a | V29: dfas | AB29: hgf | AC29: asfd | AD29: 22 | AF29: MNRAJERE | AJ29: a | AL29: dfas | AR29: hgf | AS29: asfd | AT29: 22 | AV29: MNRAJERE | AZ29: a | BB29: dfas | BH29: hgf | BI29: asfd | BJ29: 22
A30: =ROW() - 4 -> 26 | B30: KGFSUBS ghdfsh erear sdfaad rth | C30: KGFSUBS ghdfsh erear sdfaad rth | H30: 1.00 | N30: 23 | P30: KGFSUBS | R30: ghdfsh | T30: erear | Y30: sdfaad | AA30: rth | AD30: 23 | AF30: KGFSUBS | AH30: ghdfsh | AJ30: erear | AO30: sdfaad | AQ30: rth | AT30: 23 | AV30: KGFSUBS | AX30: ghdfsh | AZ30: erear | BE30: sdfaad | BG30: rth | BJ30: 23

Sheet sh02
A1: ii-exsh-diff-pro 比較・差分結果 詳細シート | R1: ファイル名(L): C:\sample.xlsx / ファイル名(R): C:\sample.xls @ Created by ii-exsh-diff-pro v.1.00. threshold=0.7. target_columns="".
A3: # | B3: 結合文字(L) | C3: 結合文字(R) | D3: check1 | E3: check2 | F3: 差分有無 | G3: 差分理由 | O3: Sheet1 | AE3: Sheet2 | AU3: Sheet1 ⇒ Sheet2
A4: label1 | B4: label2 | C4: label3 | D4: label4 | E4: label5 | F4: label6 | G4: label7 | H4: label8 | I4: label9 | J4: label10 | K4: label11 | L4: label12 | M4: label13 | N4: label14 | O4: label15 | P4: label16 | Q4: label17 | R4: label18 | S4: label19 | T4: label20 | U4: label21 | V4: label22 | W4: label23 | X4: label24 | Y4: label25 | Z4: label26 | AA4: label27 | AB4: label28 | AC4: label29 | AD4: label30 | AE4: label31 | AF4: label32 | AG4: label33 | AH4: label34 | AI4: label35 | AJ4: label36 | AK4: label37 | AL4: label38 | AM4: label39 | AN4: label40 | AO4: label41 | AP4: label42 | AQ4: label43 | AR4: label44 | AS4: label45 | AT4: label46 | AU4: label47 | AV4: label48 | AW4: label49 | AX4: label50 | AY4: label51 | AZ4: label52 | BA4: label53 | BB4: label54 | BC4: label55 | BD4: label56 | BE4: label57 | BF4: label58 | BG4: label59 | BH4: label60 | BI4: label61
A5: =ROW() - 4 -> 1 | B5: LABEL1LABEL2LABEL3LABEL4LABEL5LABEL6LABEL7LABEL8LABEL9LABEL10LABEL11LABEL12LABEL13LABEL14LABEL15 | C5: LABEL1LABEL2LABEL3LABEL4LABEL5LABEL6LABEL7LABEL8LABEL9LABEL10LABEL11LABEL12LABEL13LABEL14LABEL15 | H5: 1.00 | N5: 1 | O5: LABEL1 | P5: LABEL2 | Q5: LABEL3 | R5: LABEL4 | S5: LABEL5 | T5: LABEL6 | U5: LABEL7 | V5: LABEL8 | W5: LABEL9 | X5: LABEL10 | Y5: LABEL11 | Z5: LABEL12 | AA5: LABEL13 | AB5: LABEL14 | AC5: LABEL15 | AD5: 1 | AE5: LABEL1 | AF5: LABEL2 | AG5: LABEL3 | AH5: LABEL4 | AI5: LABEL5 | AJ5: LABEL6 | AK5: LABEL7 | AL5: LABEL8 | AM5: LABEL9 | AN5: LABEL10 | AO5: LABEL11 | AP5: LABEL12 | AQ5: LABEL13 | AR5: LABEL14 | AS5: LABEL15 | AT5: 1 | AU5: LABEL1 | AV5: LABEL2 | AW5: LABEL3 | AX5: LABEL4 | AY5: LABEL5 | AZ5: LABEL6 | BA5: LABEL7 | BB5: LABEL8 | BC5: LABEL9 | BD5: LABEL10 | BE5: LABEL11 | BF5: LABEL12 | BG5: LABEL13 | BH5: LABEL14 | BI5: LABEL15 | BJ5: 1
A6: =ROW() - 4 -> 2 | B6: AA11EE | C6: AA11EE | H6: 1.00 | N6: 2 | O6: AA11EE | AD6: 2 | AE6: AA11EE | AT6: 2 | AU6: AA11EE | BJ6: 2
A7: =ROW() - 4 -> 3 | B7: ADF ghdfsh erear aas aa | C7: ADF ghdfsh erear aas aa | H7: 1.00 | N7: 3 | P7: ADF | R7: ghdfsh | T7: erear | Y7: aas | AA7: aa | AD7: 3 | AF7: ADF | AH7: ghdfsh | AJ7: erear | AO7: aas | AQ7: aa | AT7: 3 | AV7: ADF | AX7: ghdfsh | AZ7: erear | BE7: aas | BG7: aa | BJ7: 3
A8: =ROW() - 4 -> 4 | B8: LGFD d upadsag b | C8: LGFD d upadsag b | H8: 1.00 | N8: 4 | P8: LGFD | R8: d | U8: up | V8: ads | W8: a | X8: g | Z8: b | AD8: 4 | AF8: LGFD | AH8: d | AK8: up | AL8: ads | AM8: a | AN8: g | AP8: b | AT8: 4 | AV8: LGFD | AX8: d | BA8: up | BB8: ads | BC8: a | BD8: g | BF8: b | BJ8: 4
A9: =ROW() - 4 -> 5 | C9: ADBX fg dagd :/uo/ | F9: x | AD9: 5 | AF9: ADBX | AK9: fg | AM9: dagd | AQ9: :/uo/ | AV9: ⇒ ADBX | BA9: ⇒ fg | BC9: ⇒ dagd | BG9: ⇒ :/uo/ | BJ9: 5
A10: =ROW() - 4 -> 6 | B10: RGSAD agdfa af agd ba dsa | C10: RGSAD agdfa af agd ba dsa | H10: 1.00 | N10: 5 | P10: RGSAD | R10: agdfa | T10: af | V10: agd | AA10: ba | AC10: dsa | AD10: 6 | AF10: RGSAD | AH10: agdfa | AJ10: af | AL10: agd | AQ10: ba | AS10: dsa | AT10: 5 | AV10: RGSAD | AX10: agdfa | AZ10: af | BB10: agd | BG10: ba | BI10: dsa | BJ10: 6
A11: =ROW() - 4 -> 7 | B11: FDERA ertl grea as | C11: FDERA ertl grea as | H11: 1.00 | N11: 6 | P11: FDERA | U11: ertl | Y11: grea | AA11: as | AD11: 7 | AF11: FDERA | AK11: ertl | AO11: grea | AQ11: as | AT11: 6 | AV11: FDERA | BA11: ertl | BE11: grea | BG11: as | BJ11: 7
A12: =ROW() - 4 -> 8 | B12: AA22EE io;hs gra agfda | C12: AA22EE io;hs gra agfda | H12: 1.00 | N12: 7 | O12: AA22EE | S12: io;hs | W12: gra | AB12: agfd | AC12: a | AD12: 8 | AE12: AA22EE | AI12: io;hs | AM12: gra | AR12: agfd | AS12: a | AT12: 7 | AU12: AA22EE | AY12: io;hs | BC12: gra | BH12: agfd | BI12: a | BJ12: 8
A13: =ROW() - 4 -> 9 | B13: DASCB arga gaf ag da ae | C13: DASCB arga gaf ag da ae | H13: 1.00 | N13: 8 | P13: DASCB | R13: arga | T13: gaf | V13: ag | X13: da | AA13: ae | AD13: 9 | AF13: DASCB | AH13: arga | AJ13: gaf | AL13: ag | AN13: da | AQ13: ae | AT13: 8 | AV13: DASCB | AX13: arga | AZ13: gaf | BB13: ag | BD13: da | BG13: ae | BJ13: 9
A14: =ROW() - 4 -> 10 | B14: ADBX fg dagd :/uo/ | F14: x | N14: 9 | P14: ADBX | U14: fg | W14: dagd | AA14: :/uo/ | AT14: 9 | AV14: ADBX ⇒ | BA14: fg ⇒ | BC14: dagd ⇒ | BG14: :/uo/ ⇒
A15: =ROW() - 4 -> 11 | B15: ARGYKJ asdgfad dsf da | C15: PGADHER asdgfad dsf da | F15: x | H15: 0.84 | N15: 10 | P15: ARGYKJ | R15: asd | S15: gfad | W15: dsf | Y15: da | AD15: 10 | AF15: PGADHER | AH15: asd | AI15: gfad | AM15: dsf | AO15: da | AT15: 10 | AV15: ARGYKJ ⇒ PGADHER | AX15: asd | AY15: gfad | BC15: dsf | BE15: da | BJ15: 10
A16: =ROW() - 4 -> 12 | B16: JUMDS a ga | C16: JUMDS a ga | H16: 1.00 | N16: 11 | P16: JUMDS | S16: a | U16: ga | AD16: 11 | AF16: JUMDS | AI16: a | AK16: ga | AT16: 11 | AV16: JUMDS | AY16: a | BA16: ga | BJ16: 11
A17: =ROW() - 4 -> 13 | B17: AA33EE fgaljh a adffbgfdjab | C17: AA33EE fgaljh a adffbgfdjab | H17: 1.00 | N17: 12 | O17: AA33EE | T17: fgaljh | W17: a | Y17: adf | Z17: fbgf | AA17: dj | AB17: ab | AD17: 12 | AE17: AA33EE | AJ17: fgaljh | AM17: a | AO17: adf | AP17: fbgf | AQ17: dj | AR17: ab | AT17: 12 | AU17: AA33EE | AZ17: fgaljh | BC17: a | BE17: adf | BF17: fbgf | BG17: dj | BH17: ab | BJ17: 12
A18: =ROW() - 4 -> 14 | B18: DARHN ulkf a dfas | C18: DARHN ulkf a dfas | H18: 1.00 | N18: 13 | P18: DARHN | T18: ulkf | V18: a | X18: dfas | AD18: 13 | AF18: DARHN | AJ18: ulkf | AL18: a | AN18: dfas | AT18: 13 | AV18: DARHN | AZ18: ulkf | BB18: a | BD18: dfas | BJ18: 13
A19: =ROW() - 4 -> 15 | B19: ADRHE gdfa fdafd | C19: ADRHE gdfa fdafd | H19: 1.00 | N19: 14 | P19: ADRHE | S19: gdfa | U19: fd | V19: afd | AD19: 14 | AF19: ADRHE | AI19: gdfa | AK19: fd | AL19: afd | AT19: 14 | AV19: ADRHE | AY19: gdfa | BA19: fd | BB19: afd | BJ19: 14
A20: =ROW() - 4 -> 16 | C20: PTRAHA ujtrdagdf afsd hdhfo;h | F20: x | AD20: 15 | AF20: PTRAHA | AI20: ujtrd | AJ20: agdf | AL20: afsd | AP20: h | AQ20: dhf | AR20: o;h | AV20: ⇒ PTRAHA | AY20: ⇒ ujtrd | AZ20: ⇒ agdf | BB20: ⇒ afsd | BF20: ⇒ h | BG20: ⇒ dhf | BH20: ⇒ o;h | BJ20: 15
A21: =ROW() - 4 -> 17 | B21: NVWT hgfga ar ads | C21: NVWT hgfga ar ads | H21: 1.00 | N21: 15 | P21: NVWT | T21: hgf | U21: ga | Y21: ar | AC21: ads | AD21: 16 | AF21: NVWT | AJ21: hgf | AK21: ga | AO21: ar | AS21: ads | AT21: 15 | AV21: NVWT | AZ21: hgf | BA21: ga | BE21: ar | BI21: ads | BJ21: 16
A22: =ROW() - 4 -> 18 | B22: CRYYXA jkuy fssd zagdf | C22: CRYYXA jkuy fssd zagdf | H22: 1.00 | N22: 16 | P22: CRYYXA | S22: jkuy | U22: fs | V22: sd | AB22: zagdf | AD22: 17 | AF22: CRYYXA | AI22: jkuy | AK22: fs | AL22: sd | AR22: zagdf | AT22: 16 | AV22: CRYYXA | AY22: jkuy | BA22: fs | BB22: sd | BH22: zagdf | BJ22: 17
A23: =ROW() - 4 -> 19 | B23: BB44AF | C23: BB44AF | H23: 1.00 | N23: 17 | O23: BB44AF | AD23: 18 | AE23: BB44AF | AT23: 17 | AU23: BB44AF | BJ23: 18
A24: =ROW() - 4 -> 20 | B24: PJNAERF ulkf a dfas asdfhfadga eraadgfa | C24: PJNAERF ulkf a dfas asdfhfadga eraadgfa | H24: 1.00 | N24: 18 | P24: PJNAERF | S24: ulkf | U24: a | W24: dfas | Y24: asdfhfad | Z24: ga | AB24: era | AC24: adgfa | AD24: 19 | AF24: PJNAERF | AI24: ulkf | AK24: a | AM24: dfas | AO24: asdfhfad | AP24: ga | AR24: era | AS24: adgfa | AT24: 18 | AV24: PJNAERF | AY24: ulkf | BA24: a | BC24: dfas | BE24: asdfhfad | BF24: ga | BH24: era | BI24: adgfa | BJ24: 19
A25: =ROW() - 4 -> 21 | B25: LBAFDHI gdfa fdafd q ewafahtra | C25: LBAFDHI gdfa fdafd q ewafahtra | H25: 1.00 | N25: 19 | P25: LBAFDHI | R25: gdfa | T25: fd | U25: afd | Y25: q | AA25: ewaf | AB25: ahtra | AD25: 20 | AF25: LBAFDHI | AH25: gdfa | AJ25: fd | AK25: afd | AO25: q | AQ25: ewaf | AR25: ahtra | AT25: 19 | AV25: LBAFDHI | AX25: gdfa | AZ25: fd | BA25: afd | BE25: q | BG25: ewaf | BH25: ahtra | BJ25: 20
A26: =ROW() - 4 -> 22 | B26: GFKSEWA upadsag b ws | F26: x | N26: 20 | P26: GFKSEWA | T26: up | U26: ads | V26: a | W26: g | Y26: b | AA26: ws | AT26: 20 | AV26: GFKSEWA ⇒ | AZ26: up ⇒ | BA26: ads ⇒ | BB26: a ⇒ | BC26: g ⇒ | BE26: b ⇒ | BG26: ws ⇒
A27: =ROW() - 4 -> 23 | B27: ASDFAIGHS a adffbgfdjabagdfa | C27: ASDFAIGHS a adffbgfdjabagdfa | H27: 1.00 | N27: 21 | P27: ASDFAIGHS | U27: a | W27: adf | X27: fbgf | Y27: dj | Z27: ab | AA27: agdfa | AD27: 21 | AF27: ASDFAIGHS | AK27: a | AM27: adf | AN27: fbgf | AO27: dj | AP27: ab | AQ27: agdfa | AT27: 21 | AV27: ASDFAIGHS | BA27: a | BC27: adf | BD27: fbgf | BE27: dj | BF27: ab | BG27: agdfa | BJ27: 21
A28: =ROW() - 4 -> 24 | B28: MNRAJERE a dfas hgfasfd | C28: MNRAJERE a dfas hgfasfd | H28: 1.00 | N28: 22 | P28: MNRAJERE | T28: a | V28: dfas | AB28: hgf | AC28: asfd | AD28: 22 | AF28: MNRAJERE | AJ28: a | AL28: dfas | AR28: hgf | AS28: asfd | AT28: 22 | AV28: MNRAJERE | AZ28: a | BB28: dfas | BH28: hgf | BI28: asfd | BJ28: 22
A29: =ROW() - 4 -> 25 | B29: KGFSUBS ghdfsh erear sdfaad rth | C29: KGFSUBS ghdfsh erear sdfaad rth | H29: 1.00 | N29: 23 | P29: KGFSUBS | R29: ghdfsh | T29: erear | Y29: sdfaad | AA29: rth | AD29: 23 | AF29: KGFSUBS | AH29: ghdfsh | AJ29: erear | AO29: sdfaad | AQ29: rth | AT29: 23 | AV29: KGFSUBS | AX29: ghdfsh | AZ29: erear | BE29: sdfaad | BG29: rth | BJ29: 23
